split,model,roc_auc,pr_auc,brier,mean_p,event_rate
test,logit,0.7569421864864215,0.429605392288833,0.08774820480938479,0.11266738347205212,0.12102323322269894
test,persistence,0.8482763506524789,0.604475524111634,0.056828300817615154,0.11082328179389622,0.12102323322269894
test,tree_calibrated,0.9592057949658437,0.7506020238126213,0.047786052227040035,0.13223786652088165,0.12102323322269894
val,logit,0.7851591015396419,0.5052617957083131,0.07720018077861922,0.10887050047310305,0.11365777080062794
val,persistence,0.8292227127991655,0.5777202502541123,0.05620094191522763,0.09733124018838304,0.11365777080062794
val,tree_calibrated,0.9599341097104879,0.75892278979748,0.044605399535109065,0.11365777254104614,0.11365777080062794
