split,model,roc_auc,pr_auc,brier,mean_p,event_rate,n
test,always_0,0.5,0.037691187181354696,0.037691187181354696,0.0,0.037691187181354696,10984
test,logit,0.715205965292346,0.11283773702260591,0.035107106096243845,0.033366807546486514,0.037691187181354696,10984
test,tree_calibrated,0.9097334768440442,0.28180264568735885,0.030773394585911943,0.048363424837589264,0.037691187181354696,10984
val,always_0,0.5,0.04017391304347826,0.04017391304347826,0.0,0.04017391304347826,5750
val,logit,0.7051680577681665,0.12054514501385795,0.03741806159982989,0.031082001166787904,0.04017391304347826,5750
val,tree_calibrated,0.9108647890130043,0.3374274783025664,0.030397648172676144,0.04017391428351402,0.04017391304347826,5750
