split,model,roc_auc,pr_auc,brier,mean_p,event_rate
test,logit,0.7169015854734253,0.11348057881397773,0.03509013938463023,0.033333301215079734,0.037691187181354696
test,persistence,0.5,0.037691187181354696,0.037691187181354696,0.0,0.037691187181354696
test,tree_calibrated,0.8607198844601667,0.18580360180890626,0.032818790992438174,0.04534798860549927,0.037691187181354696
test,tree_raw,0.8633205590519152,0.22412889402115427,0.17583319839804132,0.29527883164360474,0.037691187181354696
val,logit,0.7110964170214035,0.11118822254451606,0.037532131566124394,0.03145828508257636,0.04017391304347826
val,persistence,0.5,0.04017391304347826,0.04017391304347826,0.0,0.04017391304347826
val,tree_raw,0.8670550926394377,0.23328165641273105,0.15382856609108825,0.26924395036749205,0.04017391304347826
