split,model,roc_auc,pr_auc,brier,mean_p,event_rate,n
test,always_0,0.5,0.037691187181354696,0.037691187181354696,0.0,0.037691187181354696,10984
test,logit,0.715205965292346,0.11283773702260591,0.035107106096243845,0.033366807546486514,0.037691187181354696,10984
test,tree_calibrated,0.9027892037897796,0.24718950519440427,0.0312753707200237,0.046521417796611786,0.037691187181354696,10984
val,always_0,0.5,0.04017391304347826,0.04017391304347826,0.0,0.04017391304347826,5750
val,logit,0.7051680577681665,0.12054514501385795,0.03741806159982989,0.031082001166787904,0.04017391304347826,5750
val,tree_calibrated,0.9072080000690257,0.3121324015830854,0.030850098527181114,0.040174052119255066,0.04017391304347826,5750
