split,model,roc_auc,pr_auc,brier,mean_p,event_rate
test,logit,0.7524285840133902,0.42571461009116507,0.08813899173296318,0.11199645983771697,0.12102323322269894
test,persistence,0.8482763506524789,0.604475524111634,0.056828300817615154,0.11082328179389622,0.12102323322269894
test,tree_calibrated,0.9567887309019875,0.7431383993933192,0.04825185126811288,0.13126830756664276,0.12102323322269894
val,logit,0.7769718648904128,0.4966761341009451,0.07773022700316416,0.10840195808170403,0.11365777080062794
val,persistence,0.8292227127991655,0.5777202502541123,0.05620094191522763,0.09733124018838304,0.11365777080062794
val,tree_calibrated,0.9573717911081624,0.7496583476743985,0.04521055503717044,0.11365935206413269,0.11365777080062794
