split,model,roc_auc,pr_auc,brier,mean_p,event_rate
test,logit,0.7569878966605084,0.42893614022667115,0.0877652174780027,0.11268099297018015,0.12102323322269894
test,persistence,0.8482763506524789,0.604475524111634,0.056828300817615154,0.11082328179389622,0.12102323322269894
test,tree_calibrated,0.9587855324218815,0.7563532935957515,0.0475848445921067,0.13090406358242035,0.12102323322269894
val,logit,0.7850331139436711,0.5034773523940878,0.07726879666734145,0.10881008419877292,0.11365777080062794
val,persistence,0.8292227127991655,0.5777202502541123,0.05620094191522763,0.09733124018838304,0.11365777080062794
val,tree_calibrated,0.9595007368439593,0.7669134790323082,0.044023515447111236,0.11365830898284912,0.11365777080062794
