split,model,roc_auc,pr_auc,brier,mean_p,event_rate,n
test,always_0,0.5,0.037691187181354696,0.037691187181354696,0.0,0.037691187181354696,10984
test,logit,0.715205965292346,0.11283773702260591,0.035107106096243845,0.033366807546486514,0.037691187181354696,10984
test,tree_calibrated,0.902535432063218,0.25338963469478376,0.031041679717671748,0.0449940524995327,0.037691187181354696,10984
val,always_0,0.5,0.04017391304347826,0.04017391304347826,0.0,0.04017391304347826,5750
val,logit,0.7051680577681665,0.12054514501385795,0.03741806159982989,0.031082001166787904,0.04017391304347826,5750
val,tree_calibrated,0.9029433150650762,0.30936759269781083,0.03109913719754802,0.040174320340156555,0.04017391304347826,5750
