split,model,roc_auc,pr_auc,brier,mean_p,event_rate
test,logit,0.752393346520698,0.4257886927574191,0.08814693116963172,0.11201656227931295,0.12102323322269894
test,persistence,0.8482763506524789,0.604475524111634,0.056828300817615154,0.11082328179389622,0.12102323322269894
test,tree_calibrated,0.9585750931298594,0.7573430198034985,0.047225230414166354,0.13147827982902527,0.12102323322269894
val,logit,0.7769677060765652,0.4966685863756859,0.07774455612223041,0.10846991062822424,0.11365777080062794
val,persistence,0.8292227127991655,0.5777202502541123,0.05620094191522763,0.09733124018838304,0.11365777080062794
val,tree_calibrated,0.957993778414484,0.7677665614540234,0.044196605663713896,0.11365777254104614,0.11365777080062794
